{
  "Aatrox": {
    "fullName": "Aatrox, the Darkin Blade",
    "title": "the Darkin Blade"
  },
  "Ahri": {
    "fullName": "Ahri, the Nine-Tailed Fox",
    "title": "the Nine-Tailed Fox"
  },
  "Akali": {
    "fullName": "Akali, the Rogue Assassin",
    "title": "the Rogue Assassin"
  },
  "Akshan": {
    "fullName": "Akshan, the Rogue Sentinel",
    "title": "the Rogue Sentinel"
  },
  "Alistar": {
    "fullName": "Alistar, the Minotaur",
    "title": "the Minotaur"
  },
  "Amumu": {
    "fullName": "Amumu, the Sad Mummy",
    "title": "the Sad Mummy"
  },
  "Anivia": {
    "fullName": "Anivia, the Cryophoenix",
    "title": "the Cryophoenix"
  },
  "Annie": {
    "fullName": "Annie, the Dark Child",
    "title": "the Dark Child"
  },
  "Aphelios": {
    "fullName": "Aphelios, the Weapon of the Faithful",
    "title": "the Weapon of the Faithful"
  },
  "Ashe": {
    "fullName": "Ashe, the Frost Archer",
    "title": "the Frost Archer"
  },
  "Aurelion Sol": {
    "fullName": "Aurelion Sol, The Star Forger",
    "title": "The Star Forger"
  },
  "Azir": {
    "fullName": "Azir, the Emperor of the Sands",
    "title": "the Emperor of the Sands"
  },
  "Bard": {
    "fullName": "Bard, the Wandering Caretaker",
    "title": "the Wandering Caretaker"
  },
  "Bel'Veth": {
    "fullName": "Bel'Veth, The Empress of the Void",
    "title": "The Empress of the Void"
  },
  "Blitzcrank": {
    "fullName": "Blitzcrank, the Great Steam Golem",
    "title": "the Great Steam Golem"
  },
  "Brand": {
    "fullName": "Brand, the Burning Vengeance",
    "title": "the Burning Vengeance"
  },
  "Braum": {
    "fullName": "Braum, the Heart of the Freljord",
    "title": "the Heart of the Freljord"
  },
  "Caitlyn": {
    "fullName": "Caitlyn, the Sheriff of Piltover",
    "title": "the Sheriff of Piltover"
  },
  "Camille": {
    "fullName": "Camille, the Steel Shadow",
    "title": "the Steel Shadow"
  },
  "Cassiopeia": {
    "fullName": "Cassiopeia, the Serpent's Embrace",
    "title": "the Serpent's Embrace"
  },
  "Cho'Gath": {
    "fullName": "Cho'Gath, the Terror of the Void",
    "title": "the Terror of the Void"
  },
  "Corki": {
    "fullName": "Corki, the Daring Bombardier",
    "title": "the Daring Bombardier"
  },
  "Darius": {
    "fullName": "Darius, the Hand of Noxus",
    "title": "the Hand of Noxus"
  },
  "Diana": {
    "fullName": "Diana, Scorn of the Moon",
    "title": "Scorn of the Moon"
  },
  "Dr. Mundo": {
    "fullName": "Dr. Mundo, the Madman of Zaun",
    "title": "the Madman of Zaun"
  },
  "Draven": {
    "fullName": "Draven, the Glorious Executioner",
    "title": "the Glorious Executioner"
  },
  "Ekko": {
    "fullName": "Ekko, the Boy Who Shattered Time",
    "title": "the Boy Who Shattered Time"
  },
  "Elise": {
    "fullName": "Elise, the Spider Queen",
    "title": "the Spider Queen"
  },
  "Evelynn": {
    "fullName": "Evelynn, Agony's Embrace",
    "title": "Agony's Embrace"
  },
  "Ezreal": {
    "fullName": "Ezreal, the Prodigal Explorer",
    "title": "the Prodigal Explorer"
  },
  "Fiddlesticks": {
    "fullName": "Fiddlesticks, the Ancient Fear",
    "title": "the Ancient Fear"
  },
  "Fiora": {
    "fullName": "Fiora, the Grand Duelist",
    "title": "the Grand Duelist"
  },
  "Fizz": {
    "fullName": "Fizz, the Tidal Trickster",
    "title": "the Tidal Trickster"
  },
  "Galio": {
    "fullName": "Galio, the Colossus",
    "title": "the Colossus"
  },
  "Gangplank": {
    "fullName": "Gangplank, the Saltwater Scourge",
    "title": "the Saltwater Scourge"
  },
  "Garen": {
    "fullName": "Garen, The Might of Demacia",
    "title": "The Might of Demacia"
  },
  "Gnar": {
    "fullName": "Gnar, the Missing Link",
    "title": "the Missing Link"
  },
  "Gragas": {
    "fullName": "Gragas, the Rabble Rouser",
    "title": "the Rabble Rouser"
  },
  "Graves": {
    "fullName": "Graves, the Outlaw",
    "title": "the Outlaw"
  },
  "Gwen": {
    "fullName": "Gwen, The Hallowed Seamstress",
    "title": "The Hallowed Seamstress"
  },
  "Hecarim": {
    "fullName": "Hecarim, the Shadow of War",
    "title": "the Shadow of War"
  },
  "Heimerdinger": {
    "fullName": "Heimerdinger, the Revered Inventor",
    "title": "the Revered Inventor"
  },
  "Illaoi": {
    "fullName": "Illaoi, the Kraken Priestess",
    "title": "the Kraken Priestess"
  },
  "Irelia": {
    "fullName": "Irelia, the Blade Dancer",
    "title": "the Blade Dancer"
  },
  "Ivern": {
    "fullName": "Ivern, the Green Father",
    "title": "the Green Father"
  },
  "Janna": {
    "fullName": "Janna, the Storm's Fury",
    "title": "the Storm's Fury"
  },
  "Jarvan IV": {
    "fullName": "Jarvan IV, the Exemplar of Demacia",
    "title": "the Exemplar of Demacia"
  },
  "Jax": {
    "fullName": "Jax, Grandmaster at Arms",
    "title": "Grandmaster at Arms"
  },
  "Jayce": {
    "fullName": "Jayce, the Defender of Tomorrow",
    "title": "the Defender of Tomorrow"
  },
  "Jhin": {
    "fullName": "Jhin, the Virtuoso",
    "title": "the Virtuoso"
  },
  "Jinx": {
    "fullName": "Jinx, the Loose Cannon",
    "title": "the Loose Cannon"
  },
  "K'Sante": {
    "fullName": "K'Sante, The Pride of Nazumah",
    "title": "The Pride of Nazumah"
  },
  "Kai'Sa": {
    "fullName": "Kai'Sa, Daughter of the Void",
    "title": "Daughter of the Void"
  },
  "Kalista": {
    "fullName": "Kalista, the Spear of Vengeance",
    "title": "the Spear of Vengeance"
  },
  "Karma": {
    "fullName": "Karma, the Enlightened One",
    "title": "the Enlightened One"
  },
  "Karthus": {
    "fullName": "Karthus, the Deathsinger",
    "title": "the Deathsinger"
  },
  "Kassadin": {
    "fullName": "Kassadin, the Void Walker",
    "title": "the Void Walker"
  },
  "Katarina": {
    "fullName": "Katarina, the Sinister Blade",
    "title": "the Sinister Blade"
  },
  "Kayle": {
    "fullName": "Kayle, the Righteous",
    "title": "the Righteous"
  },
  "Kayn": {
    "fullName": "Kayn, the Shadow Reaper",
    "title": "the Shadow Reaper"
  },
  "Kennen": {
    "fullName": "Kennen, the Heart of the Tempest",
    "title": "the Heart of the Tempest"
  },
  "Kha'Zix": {
    "fullName": "Kha'Zix, the Voidreaver",
    "title": "the Voidreaver"
  },
  "Kindred": {
    "fullName": "Kindred, The Eternal Hunters",
    "title": "The Eternal Hunters"
  },
  "Kled": {
    "fullName": "Kled, the Cantankerous Cavalier",
    "title": "the Cantankerous Cavalier"
  },
  "Kog'Maw": {
    "fullName": "Kog'Maw, the Mouth of the Abyss",
    "title": "the Mouth of the Abyss"
  },
  "LeBlanc": {
    "fullName": "LeBlanc, the Deceiver",
    "title": "the Deceiver"
  },
  "Lee Sin": {
    "fullName": "Lee Sin, the Blind Monk",
    "title": "the Blind Monk"
  },
  "Leona": {
    "fullName": "Leona, the Radiant Dawn",
    "title": "the Radiant Dawn"
  },
  "Lillia": {
    "fullName": "Lillia, the Bashful Bloom",
    "title": "the Bashful Bloom"
  },
  "Lissandra": {
    "fullName": "Lissandra, the Ice Witch",
    "title": "the Ice Witch"
  },
  "Lucian": {
    "fullName": "Lucian, the Purifier",
    "title": "the Purifier"
  },
  "Lulu": {
    "fullName": "Lulu, the Fae Sorceress",
    "title": "the Fae Sorceress"
  },
  "Lux": {
    "fullName": "Lux, the Lady of Luminosity",
    "title": "the Lady of Luminosity"
  },
  "Malphite": {
    "fullName": "Malphite, Shard of the Monolith",
    "title": "Shard of the Monolith"
  },
  "Malzahar": {
    "fullName": "Malzahar, the Prophet of the Void",
    "title": "the Prophet of the Void"
  },
  "Maokai": {
    "fullName": "Maokai, the Twisted Treant",
    "title": "the Twisted Treant"
  },
  "Master Yi": {
    "fullName": "Master Yi, the Wuju Bladesman",
    "title": "the Wuju Bladesman"
  },
  "Miss Fortune": {
    "fullName": "Miss Fortune, the Bounty Hunter",
    "title": "the Bounty Hunter"
  },
  "Mordekaiser": {
    "fullName": "Mordekaiser, the Iron Revenant",
    "title": "the Iron Revenant"
  },
  "Morgana": {
    "fullName": "Morgana, the Fallen",
    "title": "the Fallen"
  },
  "Nami": {
    "fullName": "Nami, the Tidecaller",
    "title": "the Tidecaller"
  },
  "Nasus": {
    "fullName": "Nasus, the Curator of the Sands",
    "title": "the Curator of the Sands"
  },
  "Nautilus": {
    "fullName": "Nautilus, the Titan of the Depths",
    "title": "the Titan of the Depths"
  },
  "Neeko": {
    "fullName": "Neeko, the Curious Chameleon",
    "title": "the Curious Chameleon"
  },
  "Nidalee": {
    "fullName": "Nidalee, the Bestial Huntress",
    "title": "the Bestial Huntress"
  },
  "Nilah": {
    "fullName": "Nilah, The Joy Unbound",
    "title": "The Joy Unbound"
  },
  "Nocturne": {
    "fullName": "Nocturne, the Eternal Nightmare",
    "title": "the Eternal Nightmare"
  },
  "Nunu & Willump": {
    "fullName": "Nunu & Willump, the Boy and His Yeti",
    "title": "the Boy and His Yeti"
  },
  "Olaf": {
    "fullName": "Olaf, the Berserker",
    "title": "the Berserker"
  },
  "Orianna": {
    "fullName": "Orianna, the Lady of Clockwork",
    "title": "the Lady of Clockwork"
  },
  "Ornn": {
    "fullName": "Ornn, The Fire Below the Mountain",
    "title": "The Fire Below the Mountain"
  },
  "Pantheon": {
    "fullName": "Pantheon, the Unbreakable Spear",
    "title": "the Unbreakable Spear"
  },
  "Poppy": {
    "fullName": "Poppy, Keeper of the Hammer",
    "title": "Keeper of the Hammer"
  },
  "Pyke": {
    "fullName": "Pyke, the Bloodharbor Ripper",
    "title": "the Bloodharbor Ripper"
  },
  "Qiyana": {
    "fullName": "Qiyana, Empress of the Elements",
    "title": "Empress of the Elements"
  },
  "Quinn": {
    "fullName": "Quinn, Demacia's Wings",
    "title": "Demacia's Wings"
  },
  "Rakan": {
    "fullName": "Rakan, The Charmer",
    "title": "The Charmer"
  },
  "Rammus": {
    "fullName": "Rammus, the Armordillo",
    "title": "the Armordillo"
  },
  "Rek'Sai": {
    "fullName": "Rek'Sai, the Void Burrower",
    "title": "the Void Burrower"
  },
  "Rell": {
    "fullName": "Rell, the Iron Maiden",
    "title": "the Iron Maiden"
  },
  "Renata Glasc": {
    "fullName": "Renata Glasc, the Chem-Baroness",
    "title": "the Chem-Baroness"
  },
  "Renekton": {
    "fullName": "Renekton, the Butcher of the Sands",
    "title": "the Butcher of the Sands"
  },
  "Rengar": {
    "fullName": "Rengar, the Pridestalker",
    "title": "the Pridestalker"
  },
  "Riven": {
    "fullName": "Riven, the Exile",
    "title": "the Exile"
  },
  "Rumble": {
    "fullName": "Rumble, the Mechanized Menace",
    "title": "the Mechanized Menace"
  },
  "Ryze": {
    "fullName": "Ryze, the Rune Mage",
    "title": "the Rune Mage"
  },
  "Samira": {
    "fullName": "Samira, the Desert Rose",
    "title": "the Desert Rose"
  },
  "Sejuani": {
    "fullName": "Sejuani, Fury of the North",
    "title": "Fury of the North"
  },
  "Senna": {
    "fullName": "Senna, the Redeemer",
    "title": "the Redeemer"
  },
  "Seraphine": {
    "fullName": "Seraphine, the Starry-Eyed Songstress",
    "title": "the Starry-Eyed Songstress"
  },
  "Sett": {
    "fullName": "Sett, the Boss",
    "title": "the Boss"
  },
  "Shaco": {
    "fullName": "Shaco, the Demon Jester",
    "title": "the Demon Jester"
  },
  "Shen": {
    "fullName": "Shen, the Eye of Twilight",
    "title": "the Eye of Twilight"
  },
  "Shyvana": {
    "fullName": "Shyvana, the Half-Dragon",
    "title": "the Half-Dragon"
  },
  "Singed": {
    "fullName": "Singed, the Mad Chemist",
    "title": "the Mad Chemist"
  },
  "Sion": {
    "fullName": "Sion, The Undead Juggernaut",
    "title": "The Undead Juggernaut"
  },
  "Sivir": {
    "fullName": "Sivir, the Battle Mistress",
    "title": "the Battle Mistress"
  },
  "Skarner": {
    "fullName": "Skarner, the Crystal Vanguard",
    "title": "the Crystal Vanguard"
  },
  "Sona": {
    "fullName": "Sona, Maven of the Strings",
    "title": "Maven of the Strings"
  },
  "Soraka": {
    "fullName": "Soraka, the Starchild",
    "title": "the Starchild"
  },
  "Swain": {
    "fullName": "Swain, the Noxian Grand General",
    "title": "the Noxian Grand General"
  },
  "Sylas": {
    "fullName": "Sylas, the Unshackled",
    "title": "the Unshackled"
  },
  "Syndra": {
    "fullName": "Syndra, the Dark Sovereign",
    "title": "the Dark Sovereign"
  },
  "Tahm Kench": {
    "fullName": "Tahm Kench, The River King",
    "title": "The River King"
  },
  "Taliyah": {
    "fullName": "Taliyah, the Stoneweaver",
    "title": "the Stoneweaver"
  },
  "Talon": {
    "fullName": "Talon, the Blade's Shadow",
    "title": "the Blade's Shadow"
  },
  "Taric": {
    "fullName": "Taric, the Shield of Valoran",
    "title": "the Shield of Valoran"
  },
  "Teemo": {
    "fullName": "Teemo, the Swift Scout",
    "title": "the Swift Scout"
  },
  "Thresh": {
    "fullName": "Thresh, the Chain Warden",
    "title": "the Chain Warden"
  },
  "Tristana": {
    "fullName": "Tristana, the Yordle Gunner",
    "title": "the Yordle Gunner"
  },
  "Trundle": {
    "fullName": "Trundle, the Troll King",
    "title": "the Troll King"
  },
  "Tryndamere": {
    "fullName": "Tryndamere, the Barbarian King",
    "title": "the Barbarian King"
  },
  "Twisted Fate": {
    "fullName": "Twisted Fate, the Card Master",
    "title": "the Card Master"
  },
  "Twitch": {
    "fullName": "Twitch, the Plague Rat",
    "title": "the Plague Rat"
  },
  "Udyr": {
    "fullName": "Udyr, the Spirit Walker",
    "title": "the Spirit Walker"
  },
  "Urgot": {
    "fullName": "Urgot, the Dreadnought",
    "title": "the Dreadnought"
  },
  "Varus": {
    "fullName": "Varus, the Arrow of Retribution",
    "title": "the Arrow of Retribution"
  },
  "Vayne": {
    "fullName": "Vayne, the Night Hunter",
    "title": "the Night Hunter"
  },
  "Veigar": {
    "fullName": "Veigar, the Tiny Master of Evil",
    "title": "the Tiny Master of Evil"
  },
  "Vel'Koz": {
    "fullName": "Vel'Koz, the Eye of the Void",
    "title": "the Eye of the Void"
  },
  "Vex": {
    "fullName": "Vex, the Gloomist",
    "title": "the Gloomist"
  },
  "Vi": {
    "fullName": "Vi, the Piltover Enforcer",
    "title": "the Piltover Enforcer"
  },
  "Viego": {
    "fullName": "Viego, The Ruined King",
    "title": "The Ruined King"
  },
  "Viktor": {
    "fullName": "Viktor, the Machine Herald",
    "title": "the Machine Herald"
  },
  "Vladimir": {
    "fullName": "Vladimir, the Crimson Reaper",
    "title": "the Crimson Reaper"
  },
  "Volibear": {
    "fullName": "Volibear, the Relentless Storm",
    "title": "the Relentless Storm"
  },
  "Warwick": {
    "fullName": "Warwick, the Uncaged Wrath of Zaun",
    "title": "the Uncaged Wrath of Zaun"
  },
  "Wukong": {
    "fullName": "Wukong, the Monkey King",
    "title": "the Monkey King"
  },
  "Xayah": {
    "fullName": "Xayah, the Rebel",
    "title": "the Rebel"
  },
  "Xerath": {
    "fullName": "Xerath, the Magus Ascendant",
    "title": "the Magus Ascendant"
  },
  "Xin Zhao": {
    "fullName": "Xin Zhao, the Seneschal of Demacia",
    "title": "the Seneschal of Demacia"
  },
  "Yasuo": {
    "fullName": "Yasuo, the Unforgiven",
    "title": "the Unforgiven"
  },
  "Yone": {
    "fullName": "Yone, the Unforgotten",
    "title": "the Unforgotten"
  },
  "Yorick": {
    "fullName": "Yorick, Shepherd of Souls",
    "title": "Shepherd of Souls"
  },
  "Yuumi": {
    "fullName": "Yuumi, the Magical Cat",
    "title": "the Magical Cat"
  },
  "Zac": {
    "fullName": "Zac, the Secret Weapon",
    "title": "the Secret Weapon"
  },
  "Zed": {
    "fullName": "Zed, the Master of Shadows",
    "title": "the Master of Shadows"
  },
  "Zeri": {
    "fullName": "Zeri, The Spark of Zaun",
    "title": "The Spark of Zaun"
  },
  "Ziggs": {
    "fullName": "Ziggs, the Hexplosives Expert",
    "title": "the Hexplosives Expert"
  },
  "Zilean": {
    "fullName": "Zilean, the Chronokeeper",
    "title": "the Chronokeeper"
  },
  "Zoe": {
    "fullName": "Zoe, the Aspect of Twilight",
    "title": "the Aspect of Twilight"
  },
  "Zyra": {
    "fullName": "Zyra, Rise of the Thorns",
    "title": "Rise of the Thorns"
  }
}